0,Prediction
1,2.0
2,2.0
3,5.0
4,2.0
5,5.0
6,2.0
7,3.0
8,1.0
9,2.0
10,5.0
11,5.0
12,5.0
13,2.0
14,4.0
15,1.0
16,2.0
17,2.0
18,4.0
19,1.0
20,2.0
21,5.0
22,2.0
23,1.0
24,1.0
25,2.0
26,4.0
27,1.0
28,1.0
29,3.0
30,5.0
31,2.0
32,5.0
33,2.0
34,5.0
35,3.0
36,1.0
37,3.0
38,4.0
39,1.0
40,2.0
41,4.0
42,5.0
43,2.0
44,1.0
45,1.0
46,1.0
47,1.0
48,1.0
49,4.0
50,1.0
51,5.0
52,2.0
53,2.0
54,2.0
55,2.0
56,5.0
57,1.0
58,5.0
59,5.0
60,5.0
61,5.0
62,5.0
63,5.0
64,4.0
65,5.0
66,5.0
67,1.0
68,5.0
69,2.0
70,5.0
71,3.0
72,5.0
73,5.0
74,3.0
75,5.0
76,2.0
77,1.0
78,3.0
79,5.0
80,1.0
81,1.0
82,1.0
83,5.0
84,3.0
85,1.0
86,1.0
87,2.0
88,5.0
89,1.0
90,5.0
91,2.0
92,2.0
93,1.0
94,1.0
95,2.0
96,5.0
97,2.0
98,1.0
99,5.0
100,2.0
101,5.0
102,5.0
103,5.0
104,5.0
105,5.0
106,2.0
107,5.0
108,5.0
109,5.0
110,1.0
111,2.0
112,2.0
113,3.0
114,1.0
115,3.0
116,1.0
117,5.0
118,2.0
119,3.0
120,2.0
121,5.0
122,1.0
123,4.0
124,5.0
125,1.0
126,5.0
127,1.0
128,2.0
129,1.0
130,1.0
131,2.0
132,1.0
133,3.0
134,5.0
135,4.0
136,2.0
137,1.0
138,5.0
139,1.0
140,2.0
141,5.0
142,2.0
143,4.0
144,5.0
145,1.0
146,4.0
147,5.0
148,5.0
149,1.0
150,5.0
151,2.0
152,3.0
153,5.0
154,1.0
155,1.0
156,2.0
157,2.0
158,5.0
159,2.0
160,4.0
161,5.0
162,5.0
163,5.0
164,5.0
165,5.0
166,2.0
167,5.0
168,1.0
169,2.0
170,5.0
171,5.0
172,2.0
173,1.0
174,5.0
175,1.0
176,1.0
177,5.0
178,5.0
179,5.0
180,5.0
181,5.0
182,3.0
183,2.0
184,1.0
185,2.0
186,5.0
187,5.0
188,1.0
189,5.0
190,1.0
191,2.0
192,4.0
193,1.0
194,5.0
195,5.0
196,4.0
197,5.0
198,5.0
199,5.0
200,1.0
201,1.0
202,2.0
203,5.0
204,1.0
205,1.0
206,2.0
207,2.0
208,5.0
209,1.0
210,2.0
211,5.0
212,2.0
213,1.0
214,5.0
215,2.0
216,1.0
217,5.0
218,5.0
219,5.0
220,5.0
221,2.0
222,5.0
223,3.0
224,5.0
225,1.0
226,1.0
227,3.0
228,2.0
229,2.0
230,1.0
231,1.0
232,5.0
233,5.0
234,4.0
235,5.0
236,5.0
237,3.0
238,2.0
239,5.0
240,5.0
241,5.0
242,5.0
243,1.0
244,2.0
245,5.0
246,3.0
247,1.0
248,5.0
249,1.0
250,5.0
251,1.0
252,1.0
253,2.0
254,2.0
255,1.0
256,5.0
257,5.0
258,1.0
259,5.0
260,2.0
261,5.0
262,1.0
263,1.0
264,4.0
265,5.0
266,1.0
267,5.0
268,2.0
269,3.0
270,5.0
271,2.0
272,5.0
273,5.0
274,1.0
275,5.0
276,5.0
277,5.0
278,5.0
279,5.0
280,5.0
281,5.0
282,1.0
283,2.0
284,1.0
285,1.0
286,5.0
287,1.0
288,2.0
289,2.0
290,1.0
291,5.0
292,2.0
293,5.0
294,5.0
295,5.0
296,5.0
297,5.0
298,5.0
299,5.0
300,2.0
301,1.0
302,5.0
303,1.0
304,3.0
305,3.0
306,5.0
307,2.0
308,2.0
309,3.0
310,2.0
311,3.0
312,5.0
313,1.0
314,4.0
315,1.0
316,2.0
317,5.0
318,5.0
319,5.0
320,4.0
321,5.0
322,5.0
323,5.0
324,1.0
325,2.0
326,2.0
327,3.0
328,3.0
329,5.0
330,4.0
331,5.0
332,1.0
333,5.0
334,2.0
335,5.0
336,5.0
337,1.0
338,5.0
339,5.0
340,5.0
341,2.0
342,1.0
343,2.0
344,2.0
345,1.0
346,4.0
347,1.0
348,5.0
349,3.0
350,1.0
351,2.0
352,1.0
353,5.0
354,1.0
355,1.0
356,1.0
357,1.0
358,5.0
359,2.0
360,2.0
361,1.0
362,4.0
363,5.0
364,4.0
365,5.0
366,5.0
367,1.0
368,5.0
369,5.0
370,5.0
371,5.0
372,2.0
373,2.0
374,1.0
375,4.0
376,3.0
377,2.0
378,5.0
379,5.0
380,5.0
381,5.0
382,1.0
383,1.0
384,1.0
385,2.0
386,2.0
387,5.0
388,5.0
389,5.0
390,4.0
391,5.0
392,5.0
393,2.0
394,5.0
395,1.0
396,3.0
397,1.0
398,1.0
399,5.0
400,5.0
401,2.0
402,2.0
403,5.0
404,5.0
405,5.0
406,5.0
407,5.0
408,5.0
409,2.0
410,1.0
411,5.0
412,5.0
413,1.0
414,5.0
415,5.0
416,2.0
417,5.0
418,1.0
419,2.0
420,5.0
421,5.0
422,1.0
423,1.0
424,1.0
425,1.0
426,5.0
427,2.0
428,5.0
429,5.0
430,2.0
431,5.0
432,2.0
433,2.0
434,5.0
435,1.0
436,1.0
437,5.0
438,1.0
439,3.0
440,5.0
441,1.0
442,2.0
443,2.0
444,5.0
445,2.0
446,4.0
447,5.0
448,5.0
449,5.0
450,2.0
451,1.0
452,1.0
453,1.0
454,1.0
455,1.0
456,5.0
457,2.0
458,6.0
459,5.0
460,4.0
461,4.0
462,2.0
463,1.0
464,5.0
465,3.0
466,1.0
467,2.0
468,2.0
469,1.0
470,1.0
471,4.0
472,1.0
473,5.0
474,2.0
475,4.0
476,1.0
477,3.0
478,2.0
479,2.0
480,2.0
481,5.0
482,2.0
483,5.0
484,1.0
485,2.0
486,2.0
487,2.0
488,5.0
489,5.0
490,1.0
491,5.0
492,2.0
493,1.0
494,5.0
495,3.0
496,3.0
497,5.0
498,5.0
499,3.0
500,5.0
501,5.0
502,1.0
503,1.0
504,2.0
505,4.0
506,5.0
507,2.0
508,5.0
509,5.0
510,5.0
511,1.0
512,2.0
513,1.0
514,5.0
515,5.0
516,1.0
517,1.0
518,3.0
519,2.0
520,2.0
521,1.0
522,4.0
523,1.0
524,2.0
525,5.0
526,1.0
527,5.0
528,2.0
529,5.0
530,2.0
531,1.0
532,5.0
533,1.0
534,1.0
535,2.0
536,1.0
537,1.0
538,5.0
539,5.0
540,4.0
541,1.0
542,5.0
543,5.0
544,1.0
545,1.0
546,1.0
547,5.0
548,5.0
549,1.0
550,5.0
551,2.0
552,1.0
553,4.0
554,2.0
555,5.0
556,2.0
557,5.0
558,2.0
559,5.0
560,5.0
561,5.0
562,1.0
563,2.0
564,3.0
565,5.0
566,1.0
567,2.0
568,5.0
569,1.0
570,1.0
571,1.0
572,1.0
573,5.0
574,5.0
575,2.0
576,5.0
577,2.0
578,1.0
579,2.0
580,5.0
581,5.0
582,2.0
583,1.0
584,1.0
585,1.0
586,5.0
587,1.0
588,5.0
589,1.0
590,1.0
591,1.0
592,5.0
593,5.0
594,3.0
595,5.0
596,1.0
597,2.0
598,1.0
599,5.0
600,5.0
601,5.0
602,5.0
603,5.0
604,5.0
605,1.0
606,1.0
607,5.0
608,2.0
609,4.0
610,1.0
611,1.0
612,1.0
613,2.0
614,1.0
615,5.0
616,5.0
617,5.0
618,4.0
619,5.0
620,1.0
621,1.0
622,1.0
623,5.0
624,3.0
625,1.0
626,5.0
627,1.0
628,5.0
629,1.0
630,1.0
631,2.0
632,1.0
633,2.0
634,2.0
635,1.0
636,5.0
637,5.0
638,1.0
639,1.0
640,3.0
641,5.0
642,1.0
643,1.0
644,2.0
645,5.0
646,3.0
647,1.0
648,1.0
649,5.0
650,1.0
651,3.0
652,5.0
653,1.0
654,5.0
655,5.0
656,5.0
657,5.0
658,5.0
659,2.0
660,5.0
661,5.0
662,5.0
663,3.0
664,5.0
665,1.0
666,2.0
667,5.0
668,1.0
669,5.0
670,2.0
671,2.0
672,5.0
673,1.0
674,5.0
675,5.0
676,5.0
677,1.0
678,5.0
679,5.0
680,5.0
681,2.0
682,1.0
683,2.0
684,5.0
685,5.0
686,5.0
687,2.0
688,2.0
689,5.0
690,5.0
691,2.0
692,5.0
693,4.0
694,2.0
695,5.0
696,2.0
697,2.0
698,5.0
699,5.0
700,2.0
701,1.0
702,5.0
703,1.0
704,4.0
705,2.0
706,4.0
707,5.0
708,5.0
709,5.0
710,5.0
711,1.0
712,5.0
713,5.0
714,5.0
715,5.0
716,5.0
717,5.0
718,5.0
719,5.0
720,2.0
721,5.0
722,5.0
723,2.0
724,5.0
725,4.0
726,5.0
727,2.0
728,1.0
729,3.0
730,2.0
731,1.0
732,2.0
733,5.0
734,5.0
735,5.0
736,5.0
737,1.0
738,5.0
739,2.0
740,5.0
741,5.0
742,1.0
743,2.0
744,5.0
745,5.0
746,2.0
747,5.0
748,5.0
749,5.0
750,1.0
751,2.0
752,5.0
753,1.0
754,5.0
755,5.0
756,5.0
757,3.0
758,2.0
759,5.0
760,3.0
761,5.0
762,5.0
763,5.0
764,3.0
765,2.0
766,2.0
767,2.0
768,2.0
769,2.0
770,2.0
771,2.0
772,1.0
773,1.0
774,1.0
775,5.0
776,5.0
777,4.0
778,2.0
779,4.0
780,1.0
781,5.0
782,5.0
783,5.0
784,5.0
785,5.0
786,5.0
787,2.0
788,2.0
789,2.0
790,5.0
791,1.0
792,1.0
793,4.0
794,4.0
795,2.0
796,4.0
797,2.0
798,2.0
799,1.0
800,1.0
801,4.0
802,5.0
803,5.0
804,1.0
805,1.0
806,1.0
807,2.0
808,5.0
809,5.0
810,5.0
811,5.0
812,3.0
813,5.0
814,5.0
815,1.0
816,1.0
817,5.0
818,5.0
819,2.0
820,1.0
821,5.0
822,3.0
823,5.0
824,1.0
825,2.0
826,5.0
827,4.0
828,1.0
829,5.0
830,1.0
831,1.0
832,1.0
833,2.0
834,1.0
835,5.0
836,2.0
837,1.0
838,5.0
839,5.0
840,2.0
841,3.0
842,5.0
843,2.0
844,1.0
845,5.0
846,5.0
847,3.0
848,5.0
849,1.0
850,1.0
851,5.0
852,5.0
853,4.0
854,1.0
855,5.0
856,1.0
857,1.0
858,5.0
859,2.0
860,5.0
861,2.0
862,2.0
863,1.0
864,1.0
865,2.0
866,1.0
867,1.0
868,2.0
869,2.0
870,1.0
871,5.0
872,4.0
873,5.0
874,1.0
875,5.0
876,1.0
877,5.0
878,2.0
879,1.0
880,5.0
881,2.0
882,5.0
883,4.0
884,1.0
885,2.0
886,5.0
887,2.0
888,1.0
889,5.0
890,5.0
891,5.0
892,1.0
893,5.0
894,1.0
895,1.0
896,5.0
897,5.0
898,5.0
899,5.0
900,5.0
901,2.0
902,5.0
903,1.0
904,1.0
905,5.0
906,1.0
907,1.0
908,1.0
909,2.0
910,2.0
911,5.0
912,5.0
913,3.0
914,5.0
915,5.0
916,5.0
917,5.0
918,2.0
919,1.0
920,1.0
921,5.0
922,5.0
923,4.0
924,5.0
925,5.0
926,5.0
927,1.0
928,2.0
929,5.0
930,1.0
931,1.0
932,5.0
933,2.0
934,2.0
935,5.0
936,2.0
937,1.0
938,1.0
939,5.0
940,1.0
941,5.0
942,3.0
943,2.0
944,5.0
945,2.0
946,5.0
947,5.0
948,5.0
949,5.0
950,1.0
951,4.0
952,5.0
953,4.0
954,1.0
955,3.0
956,2.0
957,5.0
958,1.0
959,1.0
960,5.0
961,2.0
962,1.0
963,1.0
964,2.0
965,2.0
966,1.0
967,3.0
968,2.0
969,1.0
970,5.0
971,0
972,0
973,0
974,0
975,0
976,0
977,0
978,0
979,0
980,0
981,0
982,0
983,0
984,0
985,0
986,0
987,0
988,0
989,0
990,0
991,0
992,0
993,0
994,0
995,0
996,0
997,0
998,0
999,0
1000,0
1001,0
1002,0
1003,0
1004,0
1005,0
1006,0
1007,0
1008,0
1009,0
1010,0
1011,0
1012,0
1013,0
1014,0
1015,0
1016,0
1017,0
1018,0
1019,0
1020,0
1021,0
1022,0
1023,0
1024,0
1025,0
1026,0
1027,0
1028,0
1029,0
1030,0
1031,0
1032,0
1033,0
1034,0
1035,0
1036,0
1037,0
1038,0
1039,0
1040,0
1041,0
1042,0
1043,0
1044,0
1045,0
1046,0
1047,0
1048,0
1049,0
1050,0
1051,0
1052,0
1053,0
1054,0
1055,0
1056,0
1057,0
1058,0
1059,0
1060,0
1061,0
1062,0
1063,0
1064,0
1065,0
1066,0
1067,0
1068,0
1069,0
1070,0
1071,0
1072,0
1073,0
1074,0
1075,0
1076,0
1077,0
1078,0
1079,0
1080,0
1081,0
1082,0
1083,0
1084,0
1085,0
1086,0
1087,0
1088,0
1089,0
1090,0
1091,0
1092,0
1093,0
1094,0
1095,0
1096,0
1097,0
1098,0
1099,0
1100,0
1101,0
1102,0
1103,0
1104,0
1105,0
1106,0
1107,0
1108,0
1109,0
1110,0
1111,0
1112,0
1113,0
1114,0
1115,0
1116,0
1117,0
1118,0
1119,0
1120,0
1121,0
1122,0
1123,0
1124,0
1125,0
1126,0
1127,0
1128,0
1129,0
1130,0
1131,0
1132,0
1133,0
1134,0
1135,0
1136,0
1137,0
1138,0
1139,0
1140,0
1141,0
1142,0
1143,0
1144,0
1145,0
1146,0
1147,0
1148,0
1149,0
1150,0
1151,0
1152,0
1153,0
1154,0
1155,0
1156,0
1157,0
1158,0
1159,0
1160,0
1161,0
1162,0
1163,0
1164,0
1165,0
1166,0
1167,0
1168,0
1169,0
1170,0
1171,0
1172,0
1173,0
1174,0
1175,0
1176,0
1177,0
1178,0
1179,0
1180,0
1181,0
1182,0
1183,0
1184,0
1185,0
1186,0
1187,0
1188,0
1189,0
1190,0
1191,0
1192,0
1193,0
1194,0
1195,0
1196,0
1197,0
1198,0
1199,0
1200,0
1201,0
1202,0
1203,0
1204,0
1205,0
1206,0
1207,0
1208,0
1209,0
1210,0
1211,0
1212,0
1213,0
1214,0
1215,0
1216,0
1217,0
1218,0
1219,0
1220,0
1221,0
1222,0
1223,0
1224,0
1225,0
1226,0
1227,0
1228,0
1229,0
1230,0
1231,0
1232,0
1233,0
1234,0
1235,0
1236,0
1237,0
1238,0
1239,0
1240,0
1241,0
1242,0
1243,0
1244,0
1245,0
1246,0
1247,0
1248,0
1249,0
1250,0
1251,0
1252,0
1253,0
1254,0
1255,0
1256,0
1257,0
1258,0
1259,0
1260,0
1261,0
1262,0
1263,0
1264,0
1265,0
1266,0
1267,0
1268,0
1269,0
1270,0
1271,0
1272,0
1273,0
1274,0
1275,0
1276,0
1277,0
1278,0
1279,0
1280,0
1281,0
1282,0
1283,0
1284,0
1285,0
1286,0
1287,0
1288,0
1289,0
1290,0
1291,0
1292,0
1293,0
1294,0
1295,0
1296,0
1297,0
1298,0
1299,0
1300,0
1301,0
1302,0
1303,0
1304,0
1305,0
1306,0
1307,0
1308,0
1309,0
1310,0
1311,0
1312,0
1313,0
1314,0
1315,0
1316,0
1317,0
1318,0
1319,0
1320,0
1321,0
1322,0
1323,0
1324,0
1325,0
1326,0
1327,0
1328,0
1329,0
1330,0
1331,0
1332,0
1333,0
1334,0
1335,0
1336,0
1337,0
1338,0
1339,0
1340,0
1341,0
1342,0
1343,0
1344,0
1345,0
1346,0
1347,0
1348,0
1349,0
1350,0
1351,0
1352,0
1353,0
1354,0
1355,0
1356,0
1357,0
1358,0
1359,0
1360,0
1361,0
1362,0
1363,0
1364,0
1365,0
1366,0
1367,0
1368,0
1369,0
1370,0
1371,0
1372,0
1373,0
1374,0
1375,0
1376,0
1377,0
1378,0
1379,0
1380,0
1381,0
1382,0
1383,0
1384,0
1385,0
1386,0
1387,0
1388,0
1389,0
1390,0
1391,0
1392,0
1393,0
1394,0
1395,0
1396,0
1397,0
1398,0
1399,0
1400,0
1401,0
1402,0
1403,0
1404,0
1405,0
1406,0
1407,0
1408,0
1409,0
1410,0
1411,0
1412,0
1413,0
1414,0
1415,0
1416,0
1417,0
1418,0
1419,0
1420,0
1421,0
1422,0
1423,0
1424,0
1425,0
1426,0
1427,0
1428,0
1429,0
1430,0
1431,0
1432,0
1433,0
1434,0
1435,0
1436,0
1437,0
1438,0
1439,0
1440,0
1441,0
1442,0
1443,0
1444,0
1445,0
1446,0
1447,0
1448,0
1449,0
1450,0
1451,0
1452,0
1453,0
1454,0
1455,0
1456,0
1457,0
1458,0
1459,0
1460,0
1461,0
1462,0
1463,0
1464,0
1465,0
1466,0
1467,0
1468,0
1469,0
1470,0
1471,0
1472,0
1473,0
1474,0
1475,0
1476,0
1477,0
1478,0
1479,0
1480,0
1481,0
1482,0
1483,0
1484,0
1485,0
1486,0
1487,0
1488,0
1489,0
1490,0
1491,0
1492,0
1493,0
1494,0
1495,0
1496,0
1497,0
1498,0
1499,0
1500,0
1501,0
1502,0
1503,0
1504,0
1505,0
1506,0
1507,0
1508,0
1509,0
1510,0
1511,0
1512,0
1513,0
1514,0
1515,0
1516,0
1517,0
1518,0
1519,0
1520,0
1521,0
1522,0
1523,0
1524,0
1525,0
1526,0
1527,0
1528,0
1529,0
1530,0
1531,0
1532,0
1533,0
1534,0
1535,0
1536,0
1537,0
1538,0
1539,0
1540,0
1541,0
1542,0
1543,0
1544,0
1545,0
1546,0
1547,0
1548,0
1549,0
1550,0
1551,0
1552,0
1553,0
1554,0
1555,0
1556,0
1557,0
1558,0
1559,0
1560,0
1561,0
1562,0
1563,0
1564,0
1565,0
1566,0
1567,0
1568,0
1569,0
1570,0
1571,0
1572,0
1573,0
1574,0
1575,0
1576,0
1577,0
1578,0
1579,0
1580,0
1581,0
1582,0
1583,0
1584,0
1585,0
1586,0
1587,0
1588,0
1589,0
1590,0
1591,0
1592,0
1593,0
1594,0
1595,0
1596,0
1597,0
1598,0
1599,0
1600,0
1601,0
1602,0
1603,0
1604,0
1605,0
1606,0
1607,0
1608,0
1609,0
1610,0
1611,0
1612,0
1613,0
1614,0
1615,0
1616,0
1617,0
1618,0
1619,0
1620,0
1621,0
1622,0
1623,0
1624,0
1625,0
1626,0
1627,0
1628,0
1629,0
1630,0
1631,0
1632,0
1633,0
1634,0
1635,0
1636,0
1637,0
1638,0
1639,0
1640,0
1641,0
1642,0
1643,0
1644,0
1645,0
1646,0
1647,0
1648,0
1649,0
1650,0
1651,0
1652,0
1653,0
1654,0
1655,0
1656,0
1657,0
1658,0
1659,0
1660,0
1661,0
1662,0
1663,0
1664,0
1665,0
1666,0
1667,0
1668,0
1669,0
1670,0
1671,0
1672,0
1673,0
1674,0
1675,0
1676,0
1677,0
1678,0
1679,0
1680,0
1681,0
1682,0
1683,0
1684,0
1685,0
1686,0
1687,0
1688,0
1689,0
1690,0
1691,0
1692,0
1693,0
1694,0
1695,0
1696,0
1697,0
1698,0
1699,0
1700,0
1701,0
1702,0
1703,0
1704,0
1705,0
1706,0
1707,0
1708,0
1709,0
1710,0
1711,0
1712,0
1713,0
1714,0
1715,0
1716,0
1717,0
1718,0
1719,0
1720,0
1721,0
1722,0
1723,0
1724,0
1725,0
1726,0
1727,0
1728,0
1729,0
1730,0
1731,0
1732,0
1733,0
1734,0
1735,0
1736,0
1737,0
1738,0
1739,0
1740,0
1741,0
1742,0
1743,0
1744,0
1745,0
1746,0
1747,0
1748,0
1749,0
1750,0
1751,0
1752,0
1753,0
1754,0
1755,0
1756,0
1757,0
1758,0
1759,0
1760,0
1761,0
1762,0
1763,0
1764,0
1765,0
1766,0
1767,0
1768,0
1769,0
1770,0
1771,0
1772,0
1773,0
1774,0
1775,0
1776,0
1777,0
1778,0
1779,0
1780,0
1781,0
1782,0
1783,0
1784,0
1785,0
1786,0
1787,0
1788,0
1789,0
1790,0
1791,0
1792,0
1793,0
1794,0
1795,0
1796,0
1797,0
1798,0
1799,0
1800,0
1801,0
1802,0
1803,0
1804,0
1805,0
1806,0
1807,0
1808,0
1809,0
1810,0
1811,0
1812,0
1813,0
1814,0
1815,0
1816,0
1817,0
1818,0
1819,0
1820,0
1821,0
1822,0
1823,0
1824,0
1825,0
1826,0
1827,0
1828,0
1829,0
1830,0
1831,0
1832,0
1833,0
1834,0
1835,0
1836,0
1837,0
1838,0
1839,0
1840,0
1841,0
1842,0
1843,0
1844,0
1845,0
1846,0
1847,0
1848,0
1849,0
1850,0
1851,0
1852,0
1853,0
1854,0
1855,0
1856,0
1857,0
1858,0
1859,0
1860,0
1861,0
1862,0
1863,0
1864,0
1865,0
1866,0
1867,0
1868,0
1869,0
1870,0
1871,0
1872,0
1873,0
1874,0
1875,0
1876,0
1877,0
1878,0
1879,0
1880,0
1881,0
1882,0
1883,0
1884,0
1885,0
1886,0
1887,0
1888,0
1889,0
1890,0
1891,0
1892,0
1893,0
1894,0
1895,0
1896,0
1897,0
1898,0
1899,0
1900,0
1901,0
1902,0
1903,0
1904,0
1905,0
1906,0
1907,0
1908,0
1909,0
1910,0
1911,0
1912,0
1913,0
1914,0
1915,0
1916,0
1917,0
1918,0
1919,0
1920,0
1921,0
1922,0
1923,0
1924,0
1925,0
1926,0
1927,0
1928,0
1929,0
1930,0
1931,0
1932,0
1933,0
1934,0
1935,0
1936,0
1937,0
1938,0
1939,0
1940,0
1941,0
1942,0
1943,0
1944,0
1945,0
1946,0
1947,0
1948,0
1949,0
1950,0
1951,0
1952,0
1953,0
1954,0
1955,0
1956,0
1957,0
1958,0
1959,0
1960,0
1961,0
1962,0
1963,0
1964,0
1965,0
1966,0
1967,0
1968,0
1969,0
1970,0
1971,0
1972,0
1973,0
1974,0
1975,0
1976,0
1977,0
1978,0
1979,0
1980,0
1981,0
1982,0
1983,0
1984,0
1985,0
1986,0
1987,0
1988,0
1989,0
1990,0
1991,0
1992,0
1993,0
1994,0
1995,0
1996,0
1997,0
1998,0
1999,0
2000,0
2001,0
2002,0
2003,0
2004,0
2005,0
2006,0
2007,0
2008,0
2009,0
2010,0
2011,0
2012,0
2013,0
2014,0
2015,0
2016,0
2017,0
2018,0
2019,0
2020,0
2021,0
2022,0
2023,0
2024,0
2025,0
2026,0
2027,0
2028,0
2029,0
2030,0
2031,0
2032,0
2033,0
2034,0
2035,0
2036,0
2037,0
2038,0
2039,0
2040,0
2041,0
2042,0
2043,0
2044,0
2045,0
2046,0
2047,0
2048,0
2049,0
2050,0
2051,0
2052,0
2053,0
2054,0
2055,0
2056,0
2057,0
2058,0
2059,0
2060,0
2061,0
2062,0
2063,0
2064,0
2065,0
2066,0
2067,0
2068,0
2069,0
2070,0
2071,0
2072,0
2073,0
2074,0
2075,0
2076,0
2077,0
2078,0
2079,0
2080,0
2081,0
2082,0
2083,0
2084,0
2085,0
2086,0
2087,0
2088,0
2089,0
2090,0
2091,0
2092,0
2093,0
2094,0
2095,0
2096,0
2097,0
2098,0
2099,0
2100,0
2101,0
2102,0
2103,0
2104,0
2105,0
2106,0
2107,0
2108,0
2109,0
2110,0
2111,0
2112,0
2113,0
2114,0
2115,0
2116,0
2117,0
2118,0
2119,0
2120,0
2121,0
2122,0
2123,0
2124,0
2125,0
2126,0
2127,0
2128,0
2129,0
2130,0
2131,0
2132,0
2133,0
2134,0
2135,0
2136,0
2137,0
2138,0
2139,0
2140,0
2141,0
2142,0
2143,0
2144,0
2145,0
2146,0
2147,0
2148,0
2149,0
2150,0
2151,0
2152,0
2153,0
2154,0
2155,0
2156,0
2157,0
2158,0
2159,0
2160,0
2161,0
2162,0
2163,0
2164,0
2165,0
2166,0
2167,0
2168,0
2169,0
2170,0
2171,0
2172,0
2173,0
2174,0
2175,0
2176,0
2177,0
2178,0
2179,0
2180,0
2181,0
2182,0
2183,0
2184,0
2185,0
2186,0
2187,0
2188,0
2189,0
2190,0
2191,0
2192,0
2193,0
2194,0
2195,0
2196,0
2197,0
2198,0
2199,0
2200,0
2201,0
2202,0
2203,0
2204,0
2205,0
2206,0
2207,0
2208,0
2209,0
2210,0
2211,0
2212,0
2213,0
2214,0
2215,0
2216,0
2217,0
2218,0
2219,0
2220,0
2221,0
2222,0
2223,0
2224,0
2225,0
2226,0
2227,0
2228,0
2229,0
2230,0
2231,0
2232,0
2233,0
2234,0
2235,0
2236,0
2237,0
2238,0
2239,0
2240,0
2241,0
2242,0
2243,0
2244,0
2245,0
2246,0
2247,0
2248,0
2249,0
2250,0
2251,0
2252,0
2253,0
2254,0
2255,0
2256,0
2257,0
2258,0
2259,0
2260,0
2261,0
2262,0
2263,0
2264,0
2265,0
2266,0
2267,0
2268,0
2269,0
2270,0
2271,0
2272,0
2273,0
2274,0
2275,0
2276,0
2277,0
2278,0
2279,0
2280,0
2281,0
2282,0
2283,0
2284,0
2285,0
2286,0
2287,0
2288,0
2289,0
2290,0
2291,0
2292,0
2293,0
2294,0
2295,0
2296,0
2297,0
2298,0
2299,0
2300,0
2301,0
2302,0
2303,0
2304,0
2305,0
2306,0
2307,0
2308,0
2309,0
2310,0
2311,0
2312,0
2313,0
2314,0
2315,0
2316,0
2317,0
2318,0
2319,0
2320,0
2321,0
2322,0
2323,0
2324,0
2325,0
2326,0
2327,0
2328,0
2329,0
2330,0
2331,0
2332,0
2333,0
2334,0
2335,0
2336,0
2337,0
2338,0
2339,0
2340,0
2341,0
2342,0
2343,0
2344,0
2345,0
2346,0
2347,0
2348,0
2349,0
2350,0
2351,0
2352,0
2353,0
2354,0
2355,0
2356,0
2357,0
2358,0
2359,0
2360,0
2361,0
2362,0
2363,0
2364,0
2365,0
2366,0
2367,0
2368,0
2369,0
2370,0
2371,0
2372,0
2373,0
2374,0
2375,0
2376,0
2377,0
2378,0
2379,0
2380,0
2381,0
2382,0
2383,0
2384,0
2385,0
2386,0
2387,0
2388,0
2389,0
2390,0
2391,0
2392,0
2393,0
2394,0
2395,0
2396,0
2397,0
2398,0
2399,0
2400,0
2401,0
2402,0
2403,0
2404,0
2405,0
2406,0
2407,0
2408,0
2409,0
2410,0
2411,0
2412,0
2413,0
2414,0
2415,0
2416,0
2417,0
2418,0
2419,0
2420,0
2421,0
2422,0
2423,0
2424,0
2425,0
2426,0
2427,0
2428,0
2429,0
2430,0
2431,0
2432,0
2433,0
2434,0
2435,0
2436,0
2437,0
2438,0
2439,0
2440,0
2441,0
2442,0
2443,0
2444,0
2445,0
2446,0
2447,0
2448,0
2449,0
2450,0
2451,0
2452,0
2453,0
2454,0
2455,0
2456,0
2457,0
2458,0
2459,0
2460,0
2461,0
2462,0
2463,0
2464,0
2465,0
2466,0
2467,0
2468,0
2469,0
2470,0
2471,0
2472,0
2473,0
2474,0
2475,0
2476,0
2477,0
2478,0
2479,0
2480,0
2481,0
2482,0
2483,0
2484,0
2485,0
2486,0
2487,0
2488,0
2489,0
2490,0
2491,0
2492,0
2493,0
2494,0
2495,0
2496,0
2497,0
2498,0
2499,0
2500,0
2501,0
2502,0
2503,0
2504,0
2505,0
2506,0
2507,0
2508,0
2509,0
2510,0
2511,0
2512,0
2513,0
2514,0
2515,0
2516,0
2517,0
2518,0
2519,0
2520,0
2521,0
2522,0
2523,0
2524,0
2525,0
2526,0
2527,0
2528,0
2529,0
2530,0
2531,0
2532,0
2533,0
2534,0
2535,0
2536,0
2537,0
2538,0
2539,0
2540,0
2541,0
2542,0
2543,0
2544,0
2545,0
2546,0
2547,0
2548,0
2549,0
2550,0
2551,0
2552,0
2553,0
2554,0
2555,0
2556,0
2557,0
2558,0
2559,0
2560,0
2561,0
2562,0
2563,0
2564,0
2565,0
2566,0
2567,0
2568,0
2569,0
2570,0
2571,0
2572,0
2573,0
2574,0
2575,0
2576,0
2577,0
2578,0
2579,0
2580,0
2581,0
2582,0
2583,0
2584,0
2585,0
2586,0
2587,0
2588,0
2589,0
2590,0
2591,0
2592,0
2593,0
2594,0
2595,0
2596,0
2597,0
2598,0
2599,0
2600,0
2601,0
2602,0
2603,0
2604,0
2605,0
2606,0
2607,0
2608,0
2609,0
2610,0
2611,0
2612,0
2613,0
2614,0
2615,0
2616,0
2617,0
2618,0
2619,0
2620,0
2621,0
2622,0
2623,0
2624,0
2625,0
2626,0
2627,0
2628,0
2629,0
2630,0
2631,0
2632,0
2633,0
2634,0
2635,0
2636,0
2637,0
2638,0
2639,0
2640,0
2641,0
2642,0
2643,0
2644,0
2645,0
2646,0
2647,0
2648,0
2649,0
2650,0
2651,0
2652,0
2653,0
2654,0
2655,0
2656,0
2657,0
2658,0
2659,0
2660,0
2661,0
2662,0
2663,0
2664,0
2665,0
2666,0
2667,0
2668,0
2669,0
2670,0
2671,0
2672,0
2673,0
2674,0
2675,0
2676,0
2677,0
2678,0
2679,0
2680,0
2681,0
2682,0
2683,0
2684,0
2685,0
2686,0
2687,0
2688,0
2689,0
2690,0
2691,0
2692,0
2693,0
2694,0
2695,0
2696,0
2697,0
2698,0
2699,0
2700,0
2701,0
2702,0
2703,0
2704,0
2705,0
2706,0
2707,0
2708,0
2709,0
2710,0
2711,0
2712,0
2713,0
2714,0
2715,0
2716,0
2717,0
2718,0
2719,0
2720,0
2721,0
2722,0
2723,0
2724,0
2725,0
2726,0
2727,0
2728,0
2729,0
2730,0
2731,0
2732,0
2733,0
2734,0
2735,0
2736,0
2737,0
2738,0
2739,0
2740,0
2741,0
2742,0
2743,0
2744,0
2745,0
2746,0
2747,0
2748,0
2749,0
2750,0
2751,0
2752,0
2753,0
2754,0
2755,0
2756,0
2757,0
2758,0
2759,0
2760,0
2761,0
2762,0
2763,0
2764,0
2765,0
2766,0
2767,0
2768,0
2769,0
2770,0
2771,0
2772,0
2773,0
2774,0
2775,0
2776,0
2777,0
2778,0
2779,0
2780,0
2781,0
2782,0
2783,0
2784,0
2785,0
2786,0
2787,0
2788,0
2789,0
2790,0
2791,0
2792,0
2793,0
2794,0
2795,0
2796,0
2797,0
2798,0
2799,0
2800,0
2801,0
2802,0
2803,0
2804,0
2805,0
2806,0
2807,0
2808,0
2809,0
2810,0
2811,0
2812,0
2813,0
2814,0
2815,0
2816,0
2817,0
2818,0
2819,0
2820,0
2821,0
2822,0
2823,0
2824,0
2825,0
2826,0
2827,0
2828,0
2829,0
2830,0
2831,0
2832,0
2833,0
2834,0
2835,0
2836,0
2837,0
2838,0
2839,0
2840,0
2841,0
2842,0
2843,0
2844,0
2845,0
2846,0
2847,0
2848,0
2849,0
2850,0
2851,0
2852,0
2853,0
2854,0
2855,0
2856,0
2857,0
2858,0
2859,0
2860,0
2861,0
2862,0
2863,0
2864,0
2865,0
2866,0
2867,0
2868,0
2869,0
2870,0
2871,0
2872,0
2873,0
2874,0
2875,0
2876,0
2877,0
2878,0
2879,0
2880,0
2881,0
2882,0
2883,0
2884,0
2885,0
2886,0
2887,0
2888,0
2889,0
2890,0
2891,0
2892,0
2893,0
2894,0
2895,0
2896,0
2897,0
2898,0
2899,0
2900,0
2901,0
2902,0
2903,0
2904,0
2905,0
2906,0
2907,0
2908,0
2909,0
2910,0
2911,0
2912,0
2913,0
2914,0
2915,0
2916,0
2917,0
2918,0
2919,0
2920,0
2921,0
2922,0
2923,0
2924,0
2925,0
2926,0
2927,0
2928,0
2929,0
2930,0
2931,0
2932,0
2933,0
2934,0
2935,0
2936,0
2937,0
2938,0
2939,0
2940,0
2941,0
2942,0
2943,0
2944,0
2945,0
2946,0
2947,0
2948,0
2949,0
2950,0
2951,0
2952,0
2953,0
2954,0
2955,0
2956,0
2957,0
2958,0
2959,0
2960,0
2961,0
2962,0
2963,0
2964,0
2965,0
2966,0
2967,0
2968,0
2969,0
2970,0
